{
  "generation": 170,
  "best_fitness": 12.05838736454612,
  "average_fitness": 9.310269949089877,
  "best_melody": {
    "notes": [
      1,
      12,
      22,
      17,
      20,
      0,
      18,
      12,
      13,
      28,
      15,
      28,
      28,
      28,
      28,
      13,
      13,
      15,
      28,
      28,
      28,
      28,
      13,
      28,
      12,
      18,
      0,
      20,
      17,
      22,
      12,
      28
    ],
    "time_signature": [
      4,
      4
    ]
  }
}