{
  "generation": 70,
  "best_fitness": 10.45919412122586,
  "average_fitness": 8.817447686484622,
  "best_melody": {
    "notes": [
      1,
      12,
      22,
      17,
      20,
      0,
      28,
      12,
      24,
      28,
      22,
      28,
      28,
      28,
      28,
      13,
      13,
      22,
      28,
      28,
      28,
      28,
      24,
      28,
      20,
      28,
      0,
      20,
      17,
      22,
      12,
      1
    ],
    "time_signature": [
      4,
      4
    ]
  }
}