{
  "generation": 130,
  "best_fitness": 10.625474057695724,
  "average_fitness": 9.795592799713063,
  "best_melody": {
    "notes": [
      1,
      12,
      22,
      17,
      20,
      0,
      18,
      12,
      24,
      28,
      15,
      28,
      28,
      28,
      28,
      13,
      13,
      15,
      28,
      28,
      28,
      28,
      13,
      28,
      12,
      18,
      0,
      20,
      17,
      22,
      12,
      1
    ],
    "time_signature": [
      4,
      4
    ]
  }
}