{
  "generation": 20,
  "best_fitness": 6.993339072450211,
  "average_fitness": 5.915856276773711,
  "best_melody": {
    "notes": [
      1,
      12,
      22,
      17,
      20,
      0,
      26,
      20,
      11,
      28,
      22,
      28,
      28,
      28,
      28,
      13,
      6,
      10,
      22,
      28,
      12,
      9,
      28,
      28,
      28,
      28,
      28,
      4,
      14,
      25,
      27,
      28
    ],
    "time_signature": [
      4,
      4
    ]
  }
}