{
  "generation": 210,
  "best_fitness": 20.38895419861152,
  "average_fitness": 15.104204273814934,
  "best_melody": {
    "notes": [
      10,
      17,
      18,
      28,
      10,
      0,
      18,
      18,
      17,
      28,
      15,
      28,
      28,
      28,
      28,
      17,
      17,
      15,
      28,
      28,
      28,
      28,
      13,
      28,
      18,
      18,
      0,
      20,
      13,
      12,
      12,
      28
    ],
    "time_signature": [
      4,
      4
    ]
  }
}