{
  "generation": 180,
  "best_fitness": 12.477612177852373,
  "average_fitness": 11.851781257771837,
  "best_melody": {
    "notes": [
      1,
      13,
      18,
      17,
      20,
      0,
      18,
      12,
      13,
      28,
      15,
      28,
      28,
      28,
      28,
      13,
      13,
      15,
      28,
      28,
      28,
      28,
      13,
      28,
      12,
      18,
      0,
      20,
      17,
      22,
      12,
      28
    ],
    "time_signature": [
      4,
      4
    ]
  }
}