{
  "generation": 100,
  "best_fitness": 10.583846324765164,
  "average_fitness": 8.790664023839957,
  "best_melody": {
    "notes": [
      1,
      12,
      22,
      17,
      20,
      0,
      18,
      12,
      24,
      28,
      15,
      28,
      28,
      28,
      28,
      13,
      13,
      15,
      28,
      28,
      28,
      22,
      24,
      28,
      12,
      28,
      0,
      20,
      17,
      22,
      12,
      1
    ],
    "time_signature": [
      4,
      4
    ]
  }
}