{
  "generation": 120,
  "best_fitness": 10.601915677192345,
  "average_fitness": 10.272519994602645,
  "best_melody": {
    "notes": [
      1,
      12,
      22,
      17,
      20,
      0,
      18,
      12,
      24,
      28,
      15,
      28,
      28,
      28,
      28,
      13,
      13,
      15,
      28,
      28,
      28,
      28,
      24,
      28,
      12,
      18,
      0,
      20,
      17,
      22,
      12,
      1
    ],
    "time_signature": [
      4,
      4
    ]
  }
}