{
  "generation": 30,
  "best_fitness": 7.777758054288394,
  "average_fitness": 6.538811432429806,
  "best_melody": {
    "notes": [
      1,
      12,
      22,
      17,
      20,
      0,
      28,
      20,
      11,
      28,
      22,
      28,
      28,
      28,
      28,
      13,
      13,
      22,
      28,
      28,
      28,
      28,
      24,
      28,
      20,
      26,
      0,
      20,
      17,
      22,
      12,
      1
    ],
    "time_signature": [
      4,
      4
    ]
  }
}