{
  "generation": 190,
  "best_fitness": 12.56140863895739,
  "average_fitness": 11.264834124125517,
  "best_melody": {
    "notes": [
      1,
      13,
      18,
      17,
      20,
      0,
      18,
      12,
      13,
      28,
      15,
      28,
      28,
      28,
      28,
      17,
      17,
      15,
      28,
      28,
      28,
      28,
      13,
      28,
      12,
      18,
      0,
      20,
      17,
      22,
      12,
      28
    ],
    "time_signature": [
      4,
      4
    ]
  }
}