{
  "generation": 230,
  "best_fitness": 20.574422097923343,
  "average_fitness": 15.902622693019818,
  "best_melody": {
    "notes": [
      19,
      16,
      11,
      16,
      19,
      0,
      17,
      17,
      16,
      28,
      14,
      28,
      28,
      28,
      28,
      16,
      16,
      14,
      28,
      28,
      28,
      28,
      16,
      28,
      17,
      17,
      0,
      19,
      12,
      11,
      11,
      28
    ],
    "time_signature": [
      4,
      4
    ]
  }
}