{
  "generation": 50,
  "best_fitness": 10.339422838394487,
  "average_fitness": 8.125605308388936,
  "best_melody": {
    "notes": [
      1,
      12,
      22,
      17,
      20,
      0,
      28,
      20,
      24,
      28,
      22,
      28,
      28,
      28,
      28,
      13,
      13,
      22,
      28,
      28,
      28,
      28,
      24,
      28,
      20,
      28,
      0,
      20,
      17,
      22,
      12,
      1
    ],
    "time_signature": [
      4,
      4
    ]
  }
}