{
  "generation": 80,
  "best_fitness": 10.554089617274558,
  "average_fitness": 8.577935387371536,
  "best_melody": {
    "notes": [
      1,
      12,
      22,
      17,
      20,
      0,
      28,
      12,
      24,
      28,
      22,
      28,
      28,
      28,
      28,
      13,
      13,
      15,
      28,
      28,
      28,
      22,
      24,
      28,
      12,
      28,
      0,
      20,
      17,
      22,
      12,
      1
    ],
    "time_signature": [
      4,
      4
    ]
  }
}