{
  "generation": 0,
  "best_fitness": 5.905381699504389,
  "average_fitness": 5.104159165246563,
  "best_melody": {
    "notes": [
      1,
      12,
      22,
      17,
      20,
      0,
      26,
      20,
      11,
      28,
      5,
      20,
      28,
      21,
      28,
      28,
      28,
      2,
      22,
      28,
      7,
      11,
      22,
      13,
      16,
      28,
      28,
      4,
      24,
      25,
      27,
      28
    ],
    "time_signature": [
      4,
      4
    ]
  }
}