{
  "generation": 40,
  "best_fitness": 8.508123031335897,
  "average_fitness": 7.131148766684075,
  "best_melody": {
    "notes": [
      1,
      12,
      22,
      17,
      20,
      0,
      28,
      20,
      24,
      28,
      22,
      28,
      28,
      28,
      28,
      13,
      13,
      22,
      28,
      28,
      28,
      28,
      11,
      28,
      20,
      28,
      0,
      20,
      17,
      22,
      12,
      1
    ],
    "time_signature": [
      4,
      4
    ]
  }
}