{
  "generation": 270,
  "best_fitness": 20.580671364142894,
  "average_fitness": 17.96330951003811,
  "best_melody": {
    "notes": [
      19,
      16,
      11,
      16,
      19,
      0,
      17,
      19,
      16,
      28,
      14,
      28,
      28,
      28,
      28,
      16,
      16,
      14,
      28,
      28,
      28,
      28,
      16,
      28,
      19,
      17,
      0,
      19,
      12,
      11,
      11,
      28
    ],
    "time_signature": [
      4,
      4
    ]
  }
}