{
  "generation": 200,
  "best_fitness": 12.954714999217822,
  "average_fitness": 11.255885905853733,
  "best_melody": {
    "notes": [
      10,
      13,
      18,
      17,
      20,
      0,
      18,
      12,
      13,
      28,
      15,
      28,
      28,
      28,
      28,
      13,
      13,
      15,
      28,
      28,
      28,
      28,
      17,
      28,
      18,
      18,
      0,
      20,
      17,
      22,
      12,
      28
    ],
    "time_signature": [
      4,
      4
    ]
  }
}