{
  "generation": 160,
  "best_fitness": 11.53234600730188,
  "average_fitness": 11.30608477372618,
  "best_melody": {
    "notes": [
      1,
      12,
      22,
      17,
      20,
      0,
      18,
      12,
      13,
      28,
      15,
      28,
      28,
      28,
      28,
      13,
      13,
      15,
      28,
      28,
      28,
      28,
      13,
      28,
      12,
      18,
      0,
      20,
      17,
      22,
      12,
      1
    ],
    "time_signature": [
      4,
      4
    ]
  }
}