{
  "generation": 10,
  "best_fitness": 6.122649187843918,
  "average_fitness": 5.6543736191965985,
  "best_melody": {
    "notes": [
      1,
      12,
      22,
      17,
      20,
      0,
      26,
      20,
      28,
      28,
      16,
      26,
      27,
      28,
      28,
      2,
      5,
      28,
      4,
      17,
      12,
      9,
      28,
      28,
      28,
      28,
      28,
      4,
      24,
      25,
      27,
      28
    ],
    "time_signature": [
      4,
      4
    ]
  }
}