{
  "generation": 90,
  "best_fitness": 9.61412521969116,
  "average_fitness": 8.126530581795723,
  "best_melody": {
    "notes": [
      8,
      8,
      15,
      19,
      27,
      28,
      19,
      22,
      28,
      28,
      28,
      28,
      27,
      6,
      6,
      24,
      1,
      28,
      28,
      27,
      15,
      28,
      28,
      28,
      28,
      25,
      6,
      0,
      24,
      15,
      8,
      8
    ],
    "time_signature": [
      4,
      4
    ]
  }
}