{
  "generation": 0,
  "best_fitness": 5.712295773037148,
  "average_fitness": 5.086925935885764,
  "best_melody": {
    "notes": [
      8,
      1,
      14,
      13,
      28,
      17,
      0,
      18,
      17,
      28,
      17,
      5,
      16,
      16,
      22,
      28,
      4,
      25,
      22,
      21,
      6,
      28,
      27,
      28,
      28,
      23,
      15,
      0,
      18,
      9,
      7,
      28
    ],
    "time_signature": [
      4,
      4
    ]
  }
}