{
  "generation": 20,
  "best_fitness": 6.985722396841409,
  "average_fitness": 6.271309703508131,
  "best_melody": {
    "notes": [
      8,
      15,
      28,
      19,
      27,
      28,
      19,
      15,
      28,
      28,
      9,
      28,
      3,
      1,
      28,
      28,
      24,
      6,
      6,
      27,
      15,
      28,
      6,
      28,
      28,
      25,
      6,
      0,
      24,
      15,
      28,
      8
    ],
    "time_signature": [
      4,
      4
    ]
  }
}