{
  "generation": 10,
  "best_fitness": 6.6626964112455855,
  "average_fitness": 5.907863594643095,
  "best_melody": {
    "notes": [
      27,
      16,
      28,
      19,
      27,
      28,
      19,
      15,
      28,
      28,
      9,
      28,
      3,
      1,
      28,
      28,
      11,
      17,
      20,
      21,
      9,
      28,
      15,
      28,
      28,
      19,
      27,
      0,
      19,
      16,
      28,
      11
    ],
    "time_signature": [
      4,
      4
    ]
  }
}