{
  "generation": 100,
  "best_fitness": 9.643407650324288,
  "average_fitness": 9.115985139078031,
  "best_melody": {
    "notes": [
      8,
      8,
      15,
      19,
      27,
      28,
      19,
      22,
      28,
      28,
      28,
      1,
      27,
      6,
      6,
      24,
      22,
      28,
      28,
      27,
      15,
      28,
      28,
      28,
      28,
      25,
      6,
      0,
      24,
      15,
      8,
      8
    ],
    "time_signature": [
      4,
      4
    ]
  }
}