{
  "generation": 50,
  "best_fitness": 9.469555514158257,
  "average_fitness": 7.159394127501824,
  "best_melody": {
    "notes": [
      8,
      28,
      28,
      19,
      27,
      28,
      19,
      15,
      28,
      28,
      22,
      28,
      8,
      1,
      28,
      28,
      24,
      6,
      6,
      27,
      15,
      28,
      25,
      28,
      28,
      25,
      6,
      0,
      24,
      15,
      8,
      8
    ],
    "time_signature": [
      4,
      4
    ]
  }
}