{
  "generation": 180,
  "best_fitness": 18.454292108958583,
  "average_fitness": 17.325815769189564,
  "best_melody": {
    "notes": [
      8,
      8,
      15,
      24,
      27,
      28,
      25,
      17,
      28,
      28,
      28,
      28,
      20,
      12,
      12,
      4,
      4,
      12,
      12,
      20,
      17,
      28,
      28,
      28,
      28,
      25,
      27,
      0,
      24,
      15,
      8,
      8
    ],
    "time_signature": [
      4,
      4
    ]
  }
}