{
  "generation": 80,
  "best_fitness": 9.570022336732483,
  "average_fitness": 8.003127672602426,
  "best_melody": {
    "notes": [
      8,
      28,
      28,
      19,
      27,
      28,
      19,
      22,
      28,
      28,
      22,
      28,
      27,
      6,
      6,
      28,
      24,
      6,
      6,
      27,
      15,
      28,
      28,
      28,
      28,
      25,
      6,
      0,
      24,
      15,
      8,
      8
    ],
    "time_signature": [
      4,
      4
    ]
  }
}