{
  "generation": 110,
  "best_fitness": 9.67158482808479,
  "average_fitness": 8.021620185969104,
  "best_melody": {
    "notes": [
      8,
      8,
      15,
      19,
      27,
      28,
      25,
      15,
      28,
      28,
      28,
      28,
      27,
      6,
      6,
      24,
      24,
      6,
      6,
      27,
      15,
      28,
      28,
      28,
      28,
      25,
      6,
      0,
      24,
      15,
      8,
      8
    ],
    "time_signature": [
      4,
      4
    ]
  }
}