{
  "generation": 30,
  "best_fitness": 9.401035650723623,
  "average_fitness": 6.839710066616604,
  "best_melody": {
    "notes": [
      8,
      15,
      28,
      19,
      27,
      28,
      19,
      15,
      28,
      28,
      22,
      28,
      3,
      1,
      28,
      28,
      24,
      6,
      6,
      27,
      15,
      28,
      25,
      28,
      28,
      25,
      6,
      0,
      24,
      15,
      28,
      8
    ],
    "time_signature": [
      4,
      4
    ]
  }
}