{
  "generation": 140,
  "best_fitness": 10.295103612064112,
  "average_fitness": 9.420848920570934,
  "best_melody": {
    "notes": [
      8,
      8,
      15,
      19,
      27,
      28,
      25,
      15,
      28,
      28,
      28,
      28,
      6,
      12,
      12,
      3,
      3,
      12,
      12,
      20,
      15,
      28,
      28,
      28,
      28,
      25,
      27,
      0,
      24,
      15,
      8,
      8
    ],
    "time_signature": [
      4,
      4
    ]
  }
}