{
  "generation": 150,
  "best_fitness": 11.584696961117263,
  "average_fitness": 9.53664441004861,
  "best_melody": {
    "notes": [
      8,
      8,
      15,
      19,
      27,
      28,
      25,
      17,
      28,
      28,
      28,
      28,
      8,
      14,
      14,
      5,
      5,
      14,
      14,
      22,
      17,
      28,
      28,
      28,
      28,
      25,
      27,
      0,
      24,
      15,
      8,
      8
    ],
    "time_signature": [
      4,
      4
    ]
  }
}