{
  "generation": 250,
  "best_fitness": 18.71206981232373,
  "average_fitness": 13.944117098747617,
  "best_melody": {
    "notes": [
      8,
      8,
      15,
      24,
      27,
      28,
      24,
      17,
      28,
      28,
      28,
      28,
      20,
      0,
      12,
      4,
      4,
      12,
      0,
      20,
      17,
      28,
      28,
      28,
      28,
      24,
      27,
      0,
      24,
      15,
      8,
      8
    ],
    "time_signature": [
      4,
      4
    ]
  }
}