{
  "generation": 200,
  "best_fitness": 18.626338455754777,
  "average_fitness": 16.191681679549532,
  "best_melody": {
    "notes": [
      8,
      8,
      15,
      24,
      27,
      28,
      24,
      17,
      28,
      28,
      28,
      28,
      20,
      0,
      12,
      4,
      4,
      12,
      12,
      20,
      17,
      28,
      28,
      28,
      28,
      25,
      27,
      0,
      24,
      15,
      8,
      8
    ],
    "time_signature": [
      4,
      4
    ]
  }
}