{
  "generation": 280,
  "best_fitness": 18.716033843633788,
  "average_fitness": 17.418553143515602,
  "best_melody": {
    "notes": [
      8,
      8,
      15,
      24,
      27,
      15,
      24,
      17,
      28,
      28,
      28,
      28,
      20,
      0,
      12,
      4,
      4,
      12,
      0,
      20,
      17,
      28,
      28,
      28,
      28,
      24,
      27,
      0,
      24,
      15,
      8,
      8
    ],
    "time_signature": [
      4,
      4
    ]
  }
}