{
  "generation": 160,
  "best_fitness": 18.21386475731207,
  "average_fitness": 11.872928076262532,
  "best_melody": {
    "notes": [
      8,
      8,
      15,
      24,
      27,
      28,
      25,
      17,
      28,
      28,
      28,
      28,
      20,
      12,
      12,
      3,
      3,
      12,
      12,
      20,
      17,
      28,
      28,
      28,
      28,
      25,
      27,
      28,
      19,
      15,
      8,
      8
    ],
    "time_signature": [
      4,
      4
    ]
  }
}