{
  "generation": 40,
  "best_fitness": 9.326909912941463,
  "average_fitness": 7.968970488232976,
  "best_melody": {
    "notes": [
      22,
      22,
      13,
      28,
      5,
      27,
      28,
      8,
      15,
      28,
      26,
      28,
      0,
      13,
      27,
      18,
      28,
      28,
      28,
      0,
      26,
      28,
      15,
      28,
      8,
      27,
      28,
      5,
      13,
      28,
      28,
      28
    ],
    "time_signature": [
      4,
      4
    ]
  }
}