{
  "generation": 80,
  "best_fitness": 9.770587934056348,
  "average_fitness": 8.254993555787165,
  "best_melody": {
    "notes": [
      22,
      22,
      13,
      28,
      5,
      27,
      28,
      8,
      24,
      28,
      26,
      6,
      0,
      18,
      18,
      28,
      28,
      0,
      27,
      0,
      6,
      18,
      24,
      28,
      8,
      1,
      28,
      28,
      13,
      28,
      28,
      28
    ],
    "time_signature": [
      4,
      4
    ]
  }
}