{
  "generation": 30,
  "best_fitness": 7.4525956580683115,
  "average_fitness": 6.766931354739434,
  "best_melody": {
    "notes": [
      22,
      22,
      10,
      17,
      18,
      13,
      22,
      8,
      15,
      28,
      26,
      28,
      0,
      17,
      28,
      28,
      28,
      10,
      27,
      6,
      13,
      18,
      28,
      23,
      26,
      5,
      28,
      28,
      13,
      28,
      28,
      28
    ],
    "time_signature": [
      4,
      4
    ]
  }
}