{
  "generation": 110,
  "best_fitness": 9.77892502215868,
  "average_fitness": 8.983898027602228,
  "best_melody": {
    "notes": [
      22,
      22,
      5,
      28,
      5,
      27,
      28,
      8,
      24,
      28,
      26,
      6,
      0,
      27,
      0,
      18,
      28,
      28,
      27,
      0,
      6,
      26,
      10,
      28,
      8,
      1,
      28,
      28,
      13,
      28,
      28,
      28
    ],
    "time_signature": [
      4,
      4
    ]
  }
}