{
  "generation": 270,
  "best_fitness": 9.869688544711044,
  "average_fitness": 9.278209555720817,
  "best_melody": {
    "notes": [
      22,
      22,
      5,
      11,
      5,
      27,
      28,
      8,
      24,
      18,
      26,
      6,
      0,
      27,
      28,
      28,
      28,
      0,
      27,
      0,
      11,
      24,
      13,
      28,
      8,
      1,
      28,
      28,
      13,
      28,
      28,
      28
    ],
    "time_signature": [
      4,
      4
    ]
  }
}