{
  "generation": 0,
  "best_fitness": 5.703831417896895,
  "average_fitness": 4.948437573861345,
  "best_melody": {
    "notes": [
      10,
      22,
      5,
      0,
      18,
      12,
      28,
      8,
      0,
      28,
      26,
      3,
      18,
      28,
      23,
      5,
      25,
      7,
      25,
      13,
      15,
      22,
      20,
      11,
      16,
      14,
      28,
      28,
      22,
      28,
      11,
      8
    ],
    "time_signature": [
      4,
      4
    ]
  }
}