{
  "generation": 20,
  "best_fitness": 7.274126740363702,
  "average_fitness": 6.238094762577633,
  "best_melody": {
    "notes": [
      22,
      22,
      10,
      28,
      5,
      27,
      28,
      8,
      15,
      28,
      26,
      28,
      0,
      17,
      27,
      18,
      28,
      28,
      18,
      6,
      13,
      18,
      28,
      23,
      26,
      5,
      28,
      28,
      13,
      28,
      28,
      28
    ],
    "time_signature": [
      4,
      4
    ]
  }
}