{
  "generation": 150,
  "best_fitness": 9.783490949447128,
  "average_fitness": 8.850811521837748,
  "best_melody": {
    "notes": [
      22,
      22,
      5,
      11,
      5,
      27,
      28,
      8,
      24,
      28,
      26,
      6,
      0,
      27,
      0,
      18,
      28,
      28,
      27,
      0,
      6,
      26,
      10,
      28,
      8,
      1,
      28,
      28,
      13,
      28,
      28,
      28
    ],
    "time_signature": [
      4,
      4
    ]
  }
}