{
  "generation": 10,
  "best_fitness": 6.209916618417096,
  "average_fitness": 5.575807722206312,
  "best_melody": {
    "notes": [
      22,
      22,
      10,
      4,
      5,
      27,
      23,
      28,
      15,
      25,
      10,
      28,
      0,
      17,
      27,
      18,
      28,
      28,
      18,
      6,
      13,
      18,
      28,
      23,
      26,
      5,
      28,
      28,
      13,
      28,
      28,
      28
    ],
    "time_signature": [
      4,
      4
    ]
  }
}