{
  "generation": 230,
  "best_fitness": 9.846288405716058,
  "average_fitness": 8.768838238848323,
  "best_melody": {
    "notes": [
      22,
      22,
      5,
      11,
      5,
      27,
      28,
      8,
      24,
      28,
      26,
      6,
      0,
      27,
      28,
      28,
      28,
      0,
      27,
      0,
      11,
      24,
      13,
      28,
      8,
      1,
      28,
      28,
      13,
      28,
      28,
      28
    ],
    "time_signature": [
      4,
      4
    ]
  }
}