{
  "generation": 70,
  "best_fitness": 9.703981493354416,
  "average_fitness": 8.066010716521202,
  "best_melody": {
    "notes": [
      22,
      22,
      13,
      28,
      5,
      27,
      28,
      8,
      24,
      28,
      26,
      6,
      0,
      18,
      18,
      28,
      28,
      0,
      27,
      0,
      6,
      26,
      24,
      28,
      8,
      1,
      28,
      28,
      13,
      28,
      28,
      28
    ],
    "time_signature": [
      4,
      4
    ]
  }
}