{
  "generation": 290,
  "best_fitness": 9.874538603393768,
  "average_fitness": 7.694905588737678,
  "best_melody": {
    "notes": [
      22,
      22,
      5,
      11,
      5,
      27,
      28,
      8,
      13,
      18,
      26,
      6,
      0,
      27,
      28,
      28,
      28,
      0,
      27,
      0,
      6,
      26,
      18,
      24,
      8,
      1,
      28,
      28,
      13,
      28,
      28,
      28
    ],
    "time_signature": [
      4,
      4
    ]
  }
}