{
  "generation": 180,
  "best_fitness": 9.798590041200004,
  "average_fitness": 7.939865623522567,
  "best_melody": {
    "notes": [
      22,
      22,
      5,
      11,
      5,
      27,
      28,
      8,
      24,
      28,
      26,
      6,
      0,
      27,
      0,
      18,
      28,
      28,
      27,
      0,
      11,
      24,
      13,
      28,
      8,
      1,
      28,
      28,
      13,
      28,
      28,
      28
    ],
    "time_signature": [
      4,
      4
    ]
  }
}