{
  "generation": 50,
  "best_fitness": 9.472941288527227,
  "average_fitness": 8.555821371277787,
  "best_melody": {
    "notes": [
      22,
      22,
      13,
      28,
      5,
      27,
      28,
      8,
      15,
      28,
      26,
      28,
      0,
      27,
      10,
      18,
      28,
      28,
      18,
      6,
      26,
      18,
      15,
      28,
      8,
      1,
      28,
      28,
      13,
      28,
      28,
      28
    ],
    "time_signature": [
      4,
      4
    ]
  }
}