{
  "generation": 10,
  "best_fitness": 6.602661898757904,
  "average_fitness": 5.775421332930013,
  "best_melody": {
    "notes": [
      9,
      26,
      7,
      28,
      21,
      28,
      0,
      14,
      12,
      3,
      23,
      14,
      2,
      7,
      28,
      28,
      21,
      22,
      0,
      27,
      0,
      8,
      0,
      28,
      28,
      28,
      28,
      14,
      14,
      21,
      23,
      21
    ],
    "time_signature": [
      4,
      4
    ]
  }
}