{
  "generation": 180,
  "best_fitness": 11.913192247443739,
  "average_fitness": 11.123217841272835,
  "best_melody": {
    "notes": [
      6,
      23,
      25,
      25,
      26,
      28,
      28,
      28,
      28,
      0,
      9,
      0,
      8,
      8,
      28,
      21,
      20,
      28,
      28,
      21,
      6,
      21,
      0,
      28,
      28,
      28,
      20,
      21,
      3,
      13,
      11,
      9
    ],
    "time_signature": [
      4,
      4
    ]
  }
}