{
  "generation": 60,
  "best_fitness": 9.93876492098755,
  "average_fitness": 6.988121299963202,
  "best_melody": {
    "notes": [
      6,
      23,
      21,
      25,
      25,
      28,
      28,
      28,
      28,
      0,
      9,
      0,
      8,
      8,
      28,
      21,
      8,
      28,
      28,
      9,
      21,
      9,
      0,
      28,
      28,
      28,
      28,
      14,
      14,
      21,
      23,
      21
    ],
    "time_signature": [
      4,
      4
    ]
  }
}