{
  "generation": 30,
  "best_fitness": 7.845177202893453,
  "average_fitness": 7.466092771794034,
  "best_melody": {
    "notes": [
      6,
      4,
      21,
      28,
      21,
      28,
      28,
      28,
      28,
      0,
      8,
      0,
      27,
      20,
      28,
      21,
      8,
      28,
      28,
      8,
      20,
      8,
      0,
      28,
      28,
      28,
      28,
      14,
      14,
      21,
      23,
      21
    ],
    "time_signature": [
      4,
      4
    ]
  }
}