{
  "generation": 280,
  "best_fitness": 11.913529439041307,
  "average_fitness": 10.483301714255886,
  "best_melody": {
    "notes": [
      6,
      23,
      25,
      25,
      26,
      28,
      28,
      28,
      28,
      0,
      9,
      0,
      8,
      8,
      28,
      21,
      20,
      28,
      28,
      21,
      9,
      21,
      0,
      28,
      28,
      28,
      20,
      21,
      3,
      13,
      11,
      9
    ],
    "time_signature": [
      4,
      4
    ]
  }
}