{
  "generation": 80,
  "best_fitness": 11.463631347746023,
  "average_fitness": 8.8559466117419,
  "best_melody": {
    "notes": [
      6,
      23,
      21,
      25,
      26,
      28,
      28,
      28,
      28,
      0,
      9,
      0,
      8,
      8,
      28,
      21,
      20,
      28,
      28,
      21,
      6,
      21,
      0,
      28,
      28,
      28,
      16,
      14,
      26,
      9,
      11,
      9
    ],
    "time_signature": [
      4,
      4
    ]
  }
}