{
  "generation": 130,
  "best_fitness": 11.879098280980697,
  "average_fitness": 10.45466275341545,
  "best_melody": {
    "notes": [
      6,
      23,
      21,
      25,
      26,
      28,
      28,
      28,
      28,
      0,
      9,
      0,
      8,
      8,
      28,
      21,
      20,
      28,
      28,
      21,
      6,
      21,
      0,
      28,
      28,
      28,
      20,
      18,
      3,
      13,
      11,
      9
    ],
    "time_signature": [
      4,
      4
    ]
  }
}