{
  "generation": 0,
  "best_fitness": 6.240330358081813,
  "average_fitness": 5.059735385894445,
  "best_melody": {
    "notes": [
      9,
      26,
      7,
      28,
      15,
      28,
      0,
      22,
      24,
      6,
      23,
      14,
      2,
      7,
      28,
      28,
      21,
      22,
      0,
      27,
      0,
      8,
      0,
      28,
      28,
      28,
      6,
      14,
      14,
      18,
      23,
      21
    ],
    "time_signature": [
      4,
      4
    ]
  }
}