{
  "generation": 290,
  "best_fitness": 13.180348004865868,
  "average_fitness": 9.503368819793149,
  "best_melody": {
    "notes": [
      6,
      11,
      9,
      9,
      8,
      28,
      28,
      28,
      28,
      0,
      9,
      0,
      8,
      8,
      28,
      21,
      20,
      28,
      28,
      21,
      9,
      21,
      0,
      28,
      28,
      28,
      20,
      21,
      28,
      13,
      11,
      9
    ],
    "time_signature": [
      4,
      4
    ]
  }
}