{
  "generation": 70,
  "best_fitness": 10.136472061488126,
  "average_fitness": 7.492725208731693,
  "best_melody": {
    "notes": [
      6,
      23,
      21,
      25,
      25,
      28,
      28,
      28,
      28,
      0,
      9,
      0,
      8,
      8,
      28,
      21,
      20,
      28,
      28,
      21,
      6,
      21,
      0,
      28,
      28,
      28,
      28,
      26,
      26,
      9,
      11,
      9
    ],
    "time_signature": [
      4,
      4
    ]
  }
}