{
  "generation": 20,
  "best_fitness": 6.816574440284936,
  "average_fitness": 6.125670567475565,
  "best_melody": {
    "notes": [
      9,
      26,
      7,
      28,
      21,
      28,
      0,
      14,
      5,
      14,
      23,
      14,
      2,
      7,
      28,
      28,
      21,
      28,
      28,
      8,
      20,
      8,
      0,
      28,
      28,
      28,
      28,
      14,
      14,
      21,
      23,
      21
    ],
    "time_signature": [
      4,
      4
    ]
  }
}