{
  "generation": 50,
  "best_fitness": 9.823785927267986,
  "average_fitness": 7.99667901645109,
  "best_melody": {
    "notes": [
      7,
      5,
      22,
      15,
      15,
      28,
      28,
      28,
      28,
      0,
      15,
      0,
      15,
      9,
      28,
      22,
      9,
      28,
      28,
      9,
      21,
      9,
      0,
      28,
      28,
      28,
      28,
      15,
      15,
      22,
      24,
      22
    ],
    "time_signature": [
      4,
      4
    ]
  }
}