{
  "generation": 40,
  "best_fitness": 9.314624583231232,
  "average_fitness": 7.7839277555290085,
  "best_melody": {
    "notes": [
      6,
      4,
      21,
      14,
      14,
      28,
      28,
      28,
      28,
      0,
      9,
      0,
      8,
      8,
      28,
      21,
      8,
      28,
      28,
      8,
      20,
      8,
      0,
      28,
      28,
      28,
      28,
      14,
      14,
      21,
      23,
      21
    ],
    "time_signature": [
      4,
      4
    ]
  }
}