{
  "generation": 130,
  "best_fitness": 20.037048116753795,
  "average_fitness": 14.793690174067347,
  "best_melody": {
    "notes": [
      22,
      24,
      28,
      17,
      28,
      28,
      5,
      28,
      14,
      15,
      17,
      12,
      10,
      28,
      28,
      28,
      12,
      28,
      28,
      28,
      14,
      17,
      15,
      14,
      5,
      28,
      14,
      17,
      28,
      24,
      28,
      22
    ],
    "time_signature": [
      4,
      4
    ]
  }
}