{
  "generation": 270,
  "best_fitness": 20.063518883474718,
  "average_fitness": 17.92380529218016,
  "best_melody": {
    "notes": [
      9,
      7,
      28,
      14,
      28,
      28,
      26,
      28,
      17,
      16,
      14,
      19,
      21,
      28,
      28,
      28,
      19,
      28,
      28,
      28,
      17,
      14,
      16,
      17,
      26,
      28,
      14,
      14,
      28,
      7,
      28,
      9
    ],
    "time_signature": [
      4,
      4
    ]
  }
}