{
  "generation": 70,
  "best_fitness": 18.760587664940005,
  "average_fitness": 15.320072081689224,
  "best_melody": {
    "notes": [
      12,
      28,
      28,
      17,
      28,
      28,
      5,
      28,
      14,
      15,
      10,
      12,
      10,
      28,
      28,
      28,
      10,
      28,
      28,
      28,
      12,
      17,
      15,
      14,
      5,
      28,
      12,
      28,
      28,
      24,
      28,
      22
    ],
    "time_signature": [
      4,
      4
    ]
  }
}