{
  "generation": 0,
  "best_fitness": 0.7672484798112261,
  "average_fitness": 0.5377924850436491,
  "best_melody": {
    "notes": [
      20,
      23,
      23,
      3,
      18,
      16,
      21,
      10,
      25,
      4,
      18,
      16,
      12,
      28,
      12,
      20,
      14,
      28,
      19,
      22,
      7,
      2,
      7,
      10,
      22,
      28,
      28,
      0,
      2,
      25,
      26,
      19
    ],
    "time_signature": [
      4,
      4
    ]
  }
}