{
  "generation": 30,
  "best_fitness": 0.7479341059594404,
  "average_fitness": 0.4789291412015763,
  "best_melody": {
    "notes": [
      27,
      12,
      4,
      28,
      23,
      16,
      1,
      19,
      12,
      28,
      28,
      8,
      27,
      28,
      25,
      21,
      3,
      9,
      22,
      28,
      14,
      27,
      8,
      1,
      28,
      5,
      1,
      5,
      25,
      3,
      12,
      28
    ],
    "time_signature": [
      4,
      4
    ]
  }
}