{
  "generation": 200,
  "best_fitness": 20.054504815480684,
  "average_fitness": 15.865482109866221,
  "best_melody": {
    "notes": [
      22,
      24,
      28,
      17,
      28,
      28,
      5,
      28,
      14,
      15,
      17,
      12,
      10,
      28,
      28,
      28,
      12,
      28,
      28,
      28,
      14,
      17,
      15,
      14,
      5,
      28,
      17,
      17,
      28,
      24,
      28,
      22
    ],
    "time_signature": [
      4,
      4
    ]
  }
}