{
  "generation": 40,
  "best_fitness": 0.7869919200198694,
  "average_fitness": 0.509440428053199,
  "best_melody": {
    "notes": [
      14,
      21,
      28,
      28,
      28,
      28,
      7,
      28,
      0,
      14,
      10,
      24,
      13,
      13,
      7,
      20,
      22,
      28,
      2,
      28,
      12,
      1,
      19,
      28,
      27,
      21,
      1,
      25,
      28,
      6,
      28,
      27
    ],
    "time_signature": [
      4,
      4
    ]
  }
}