{
  "generation": 10,
  "best_fitness": 0.7517964626891768,
  "average_fitness": 0.45423197328537446,
  "best_melody": {
    "notes": [
      23,
      3,
      2,
      5,
      18,
      7,
      15,
      28,
      28,
      19,
      20,
      28,
      17,
      28,
      7,
      28,
      22,
      20,
      17,
      0,
      22,
      28,
      5,
      10,
      27,
      25,
      20,
      12,
      23,
      28,
      16,
      10
    ],
    "time_signature": [
      4,
      4
    ]
  }
}