{
  "generation": 50,
  "best_fitness": 0.7702451933615475,
  "average_fitness": 0.4426263014118681,
  "best_melody": {
    "notes": [
      28,
      8,
      28,
      4,
      18,
      3,
      28,
      28,
      28,
      21,
      28,
      4,
      9,
      16,
      19,
      10,
      20,
      28,
      28,
      19,
      9,
      28,
      12,
      28,
      6,
      6,
      25,
      15,
      21,
      27,
      28,
      23
    ],
    "time_signature": [
      4,
      4
    ]
  }
}