{
  "generation": 50,
  "best_fitness": 17.55768581363075,
  "average_fitness": 13.81753169999537,
  "best_melody": {
    "notes": [
      12,
      28,
      7,
      12,
      28,
      28,
      5,
      28,
      14,
      15,
      10,
      14,
      22,
      28,
      28,
      28,
      22,
      28,
      28,
      28,
      28,
      17,
      15,
      15,
      27,
      20,
      12,
      28,
      28,
      24,
      28,
      22
    ],
    "time_signature": [
      4,
      4
    ]
  }
}