{
  "generation": 10,
  "best_fitness": 6.565506937178253,
  "average_fitness": 5.535142876471648,
  "best_melody": {
    "notes": [
      24,
      28,
      7,
      28,
      28,
      28,
      2,
      9,
      24,
      27,
      28,
      4,
      3,
      28,
      16,
      16,
      22,
      19,
      28,
      28,
      14,
      26,
      28,
      28,
      22,
      20,
      4,
      28,
      28,
      28,
      24,
      28
    ],
    "time_signature": [
      4,
      4
    ]
  }
}