{
  "generation": 20,
  "best_fitness": 0.743873090207216,
  "average_fitness": 0.5396196365188703,
  "best_melody": {
    "notes": [
      13,
      22,
      0,
      23,
      19,
      3,
      10,
      28,
      28,
      19,
      13,
      28,
      22,
      23,
      18,
      12,
      6,
      16,
      28,
      26,
      13,
      3,
      24,
      24,
      1,
      28,
      28,
      12,
      15,
      18,
      16,
      28
    ],
    "time_signature": [
      4,
      4
    ]
  }
}