{
  "generation": 20,
  "best_fitness": 7.3384480194364095,
  "average_fitness": 5.606749994048826,
  "best_melody": {
    "notes": [
      15,
      28,
      25,
      28,
      28,
      28,
      20,
      27,
      15,
      18,
      10,
      12,
      10,
      28,
      28,
      13,
      16,
      28,
      28,
      28,
      1,
      20,
      18,
      5,
      23,
      28,
      8,
      13,
      28,
      27,
      28,
      18
    ],
    "time_signature": [
      4,
      4
    ]
  }
}