{
  "generation": 30,
  "best_fitness": 8.985041623088179,
  "average_fitness": 7.181059003002102,
  "best_melody": {
    "notes": [
      15,
      28,
      25,
      28,
      28,
      28,
      5,
      12,
      18,
      15,
      28,
      28,
      10,
      28,
      28,
      25,
      1,
      28,
      28,
      28,
      1,
      20,
      18,
      5,
      23,
      28,
      8,
      13,
      28,
      27,
      28,
      18
    ],
    "time_signature": [
      4,
      4
    ]
  }
}