{
  "generation": 110,
  "best_fitness": 19.939472319213426,
  "average_fitness": 15.910296592457138,
  "best_melody": {
    "notes": [
      22,
      24,
      28,
      12,
      28,
      14,
      5,
      28,
      14,
      15,
      17,
      12,
      10,
      28,
      28,
      28,
      10,
      28,
      28,
      28,
      12,
      17,
      15,
      14,
      5,
      28,
      17,
      28,
      28,
      24,
      28,
      22
    ],
    "time_signature": [
      4,
      4
    ]
  }
}