{
  "generation": 80,
  "best_fitness": 0.6311425359517939,
  "average_fitness": 0.45698767213636254,
  "best_melody": {
    "notes": [
      27,
      18,
      28,
      18,
      1,
      28,
      28,
      3,
      28,
      20,
      2,
      28,
      5,
      2,
      28,
      0,
      28,
      28,
      9,
      8,
      14,
      15,
      12,
      9,
      3,
      4,
      19,
      28,
      11,
      28,
      28,
      28
    ],
    "time_signature": [
      4,
      4
    ]
  }
}