{
  "generation": 60,
  "best_fitness": 0.7389133613755511,
  "average_fitness": 0.5154042607211197,
  "best_melody": {
    "notes": [
      18,
      20,
      28,
      7,
      10,
      28,
      26,
      27,
      21,
      28,
      15,
      1,
      11,
      13,
      10,
      28,
      28,
      19,
      28,
      28,
      1,
      24,
      20,
      3,
      23,
      10,
      7,
      28,
      4,
      28,
      10,
      27
    ],
    "time_signature": [
      4,
      4
    ]
  }
}