{
  "generation": 0,
  "best_fitness": 5.849623690000551,
  "average_fitness": 4.969581253949698,
  "best_melody": {
    "notes": [
      24,
      28,
      7,
      28,
      28,
      28,
      2,
      9,
      28,
      4,
      27,
      7,
      6,
      28,
      19,
      22,
      16,
      19,
      28,
      28,
      14,
      26,
      28,
      28,
      25,
      23,
      8,
      13,
      15,
      7,
      28,
      27
    ],
    "time_signature": [
      4,
      4
    ]
  }
}