{
  "generation": 70,
  "best_fitness": 0.7429171592560126,
  "average_fitness": 0.4256743093165368,
  "best_melody": {
    "notes": [
      28,
      10,
      28,
      5,
      4,
      28,
      27,
      28,
      7,
      21,
      16,
      9,
      23,
      25,
      5,
      28,
      28,
      4,
      2,
      28,
      28,
      16,
      3,
      28,
      27,
      27,
      28,
      4,
      20,
      28,
      11,
      28
    ],
    "time_signature": [
      4,
      4
    ]
  }
}