{
  "generation": 80,
  "best_fitness": 19.27015979389634,
  "average_fitness": 17.776833679102403,
  "best_melody": {
    "notes": [
      12,
      28,
      28,
      17,
      28,
      28,
      26,
      28,
      14,
      15,
      10,
      12,
      10,
      28,
      28,
      28,
      10,
      28,
      28,
      28,
      12,
      17,
      15,
      14,
      5,
      28,
      17,
      28,
      28,
      24,
      28,
      22
    ],
    "time_signature": [
      4,
      4
    ]
  }
}