{
  "generation": 100,
  "best_fitness": 19.764426333076443,
  "average_fitness": 18.816234824644958,
  "best_melody": {
    "notes": [
      22,
      24,
      28,
      12,
      28,
      28,
      5,
      28,
      14,
      15,
      17,
      12,
      10,
      28,
      28,
      28,
      10,
      28,
      28,
      28,
      12,
      17,
      15,
      14,
      5,
      28,
      17,
      28,
      28,
      24,
      28,
      22
    ],
    "time_signature": [
      4,
      4
    ]
  }
}