{
  "generation": 90,
  "best_fitness": 17.299096064786834,
  "average_fitness": 14.158020884104516,
  "best_melody": {
    "notes": [
      12,
      28,
      17,
      28,
      0,
      12,
      28,
      14,
      21,
      18,
      16,
      12,
      11,
      10,
      28,
      28,
      28,
      28,
      28,
      17,
      18,
      19,
      18,
      14,
      14,
      12,
      28,
      0,
      14,
      28,
      19,
      28
    ],
    "time_signature": [
      4,
      4
    ]
  }
}