{
  "generation": 260,
  "best_fitness": 20.542875359765045,
  "average_fitness": 17.702224729603188,
  "best_melody": {
    "notes": [
      26,
      28,
      17,
      28,
      0,
      12,
      28,
      14,
      14,
      15,
      17,
      14,
      12,
      12,
      28,
      28,
      28,
      28,
      28,
      17,
      15,
      17,
      15,
      14,
      14,
      17,
      28,
      0,
      17,
      28,
      19,
      28
    ],
    "time_signature": [
      4,
      4
    ]
  }
}