{
  "generation": 0,
  "best_fitness": 5.768682111597431,
  "average_fitness": 4.921026611810712,
  "best_melody": {
    "notes": [
      12,
      4,
      5,
      20,
      21,
      27,
      28,
      11,
      28,
      28,
      16,
      17,
      14,
      23,
      28,
      4,
      27,
      26,
      11,
      5,
      28,
      27,
      15,
      28,
      7,
      28,
      28,
      20,
      19,
      28,
      4,
      14
    ],
    "time_signature": [
      4,
      4
    ]
  }
}