{
  "generation": 180,
  "best_fitness": 20.541681262788146,
  "average_fitness": 19.335029769959,
  "best_melody": {
    "notes": [
      26,
      28,
      17,
      28,
      0,
      12,
      28,
      14,
      14,
      15,
      17,
      12,
      17,
      12,
      28,
      28,
      28,
      28,
      28,
      17,
      15,
      17,
      15,
      14,
      14,
      12,
      28,
      0,
      17,
      28,
      19,
      28
    ],
    "time_signature": [
      4,
      4
    ]
  }
}