{
  "generation": 60,
  "best_fitness": 16.65964794054742,
  "average_fitness": 12.94262102657222,
  "best_melody": {
    "notes": [
      7,
      28,
      12,
      7,
      12,
      20,
      22,
      13,
      22,
      24,
      19,
      18,
      17,
      19,
      28,
      28,
      28,
      28,
      28,
      18,
      17,
      16,
      11,
      15,
      15,
      17,
      28,
      0,
      15,
      28,
      16,
      28
    ],
    "time_signature": [
      4,
      4
    ]
  }
}