{
  "generation": 150,
  "best_fitness": 20.536626093545493,
  "average_fitness": 18.81468162676494,
  "best_melody": {
    "notes": [
      26,
      28,
      17,
      28,
      0,
      12,
      28,
      14,
      14,
      15,
      17,
      12,
      17,
      12,
      28,
      28,
      28,
      28,
      28,
      17,
      15,
      17,
      15,
      12,
      14,
      12,
      28,
      0,
      17,
      28,
      19,
      28
    ],
    "time_signature": [
      4,
      4
    ]
  }
}