{
  "generation": 80,
  "best_fitness": 17.18861063248559,
  "average_fitness": 12.911898719430216,
  "best_melody": {
    "notes": [
      15,
      28,
      12,
      28,
      0,
      17,
      28,
      15,
      8,
      11,
      16,
      17,
      18,
      19,
      28,
      28,
      28,
      28,
      28,
      18,
      17,
      16,
      11,
      15,
      15,
      17,
      28,
      0,
      15,
      28,
      19,
      28
    ],
    "time_signature": [
      4,
      4
    ]
  }
}