{
  "generation": 20,
  "best_fitness": 7.0148860769826,
  "average_fitness": 6.139146207089031,
  "best_melody": {
    "notes": [
      16,
      28,
      11,
      21,
      27,
      21,
      28,
      11,
      28,
      28,
      18,
      19,
      16,
      14,
      28,
      19,
      28,
      28,
      28,
      14,
      17,
      16,
      11,
      10,
      13,
      21,
      28,
      0,
      15,
      28,
      9,
      28
    ],
    "time_signature": [
      4,
      4
    ]
  }
}