{
  "generation": 10,
  "best_fitness": 6.567417029033917,
  "average_fitness": 5.931246369191992,
  "best_melody": {
    "notes": [
      16,
      28,
      11,
      21,
      27,
      21,
      28,
      11,
      28,
      28,
      16,
      17,
      14,
      26,
      28,
      19,
      28,
      28,
      12,
      14,
      15,
      11,
      10,
      10,
      13,
      21,
      28,
      0,
      9,
      28,
      3,
      28
    ],
    "time_signature": [
      4,
      4
    ]
  }
}