{
  "generation": 100,
  "best_fitness": 17.34019451548415,
  "average_fitness": 16.50306423676296,
  "best_melody": {
    "notes": [
      12,
      28,
      17,
      28,
      0,
      12,
      28,
      14,
      21,
      18,
      16,
      18,
      17,
      10,
      28,
      28,
      28,
      28,
      28,
      17,
      18,
      19,
      18,
      14,
      14,
      12,
      28,
      0,
      14,
      28,
      19,
      28
    ],
    "time_signature": [
      4,
      4
    ]
  }
}