{
  "generation": 50,
  "best_fitness": 16.575064949430864,
  "average_fitness": 13.079125301880719,
  "best_melody": {
    "notes": [
      7,
      28,
      12,
      7,
      12,
      20,
      22,
      13,
      22,
      24,
      19,
      18,
      17,
      19,
      28,
      28,
      28,
      28,
      28,
      18,
      17,
      16,
      11,
      13,
      13,
      17,
      28,
      0,
      15,
      28,
      16,
      28
    ],
    "time_signature": [
      4,
      4
    ]
  }
}