{
  "generation": 130,
  "best_fitness": 20.52776844347044,
  "average_fitness": 16.85785957702135,
  "best_melody": {
    "notes": [
      26,
      28,
      17,
      28,
      0,
      12,
      28,
      14,
      14,
      15,
      17,
      12,
      17,
      10,
      28,
      28,
      28,
      28,
      28,
      17,
      15,
      17,
      15,
      12,
      14,
      12,
      28,
      0,
      17,
      28,
      19,
      28
    ],
    "time_signature": [
      4,
      4
    ]
  }
}