{
  "generation": 110,
  "best_fitness": 17.364867032757854,
  "average_fitness": 15.728853952338918,
  "best_melody": {
    "notes": [
      12,
      28,
      17,
      28,
      0,
      12,
      28,
      14,
      12,
      15,
      17,
      15,
      17,
      10,
      28,
      28,
      28,
      28,
      28,
      17,
      18,
      19,
      18,
      14,
      14,
      12,
      28,
      0,
      14,
      28,
      19,
      28
    ],
    "time_signature": [
      4,
      4
    ]
  }
}