{
  "generation": 70,
  "best_fitness": 17.104095766222684,
  "average_fitness": 14.393275981929174,
  "best_melody": {
    "notes": [
      17,
      28,
      12,
      28,
      0,
      17,
      28,
      15,
      8,
      11,
      16,
      17,
      18,
      19,
      28,
      28,
      28,
      28,
      28,
      18,
      17,
      16,
      11,
      15,
      15,
      17,
      28,
      0,
      15,
      28,
      19,
      28
    ],
    "time_signature": [
      4,
      4
    ]
  }
}