{
  "generation": 40,
  "best_fitness": 15.251273604069302,
  "average_fitness": 10.085048598419503,
  "best_melody": {
    "notes": [
      7,
      28,
      12,
      7,
      12,
      20,
      22,
      13,
      28,
      11,
      16,
      17,
      18,
      14,
      28,
      19,
      28,
      28,
      28,
      18,
      17,
      16,
      11,
      13,
      13,
      21,
      28,
      0,
      21,
      28,
      16,
      28
    ],
    "time_signature": [
      4,
      4
    ]
  }
}