{
  "generation": 30,
  "best_fitness": 10.787072254919462,
  "average_fitness": 6.112032236710731,
  "best_melody": {
    "notes": [
      7,
      28,
      12,
      7,
      12,
      20,
      22,
      13,
      28,
      28,
      18,
      19,
      16,
      14,
      28,
      19,
      28,
      28,
      28,
      14,
      6,
      7,
      12,
      13,
      13,
      21,
      28,
      0,
      15,
      28,
      16,
      28
    ],
    "time_signature": [
      4,
      4
    ]
  }
}