{
  "generation": 120,
  "best_fitness": 20.37272292292338,
  "average_fitness": 15.527297304909942,
  "best_melody": {
    "notes": [
      12,
      28,
      17,
      28,
      0,
      12,
      28,
      14,
      14,
      15,
      17,
      12,
      17,
      10,
      28,
      28,
      28,
      28,
      28,
      17,
      15,
      17,
      15,
      12,
      14,
      12,
      28,
      0,
      17,
      28,
      19,
      28
    ],
    "time_signature": [
      4,
      4
    ]
  }
}